{
  "Time": {
    "mean": 94885.0937040532,
    "std": 47488.41503380234,
    "p25": 54228.0,
    "p75": 139364.0
  },
  "V1": {
    "mean": 0.0007952909238868519,
    "std": 1.9589255298406125,
    "p25": -0.919893151,
    "p75": 1.315616274
  },
  "V2": {
    "mean": -0.0004810136868660715,
    "std": 1.6490923774352282,
    "p25": -0.598761002,
    "p75": 0.803875616
  },
  "V3": {
    "mean": -0.0003830223928811255,
    "std": 1.5152923493120425,
    "p25": -0.891766638,
    "p75": 1.026456923
  },
  "V4": {
    "mean": -1.9722399306546123e-05,
    "std": 1.415867080008393,
    "p25": -0.847111213,
    "p75": 0.742280803
  },
  "V5": {
    "mean": 0.00017458436927297074,
    "std": 1.379569195336913,
    "p25": -0.692100455,
    "p75": 0.611259048
  },
  "V6": {
    "mean": -0.0011711861713094422,
    "std": 1.3312177158091474,
    "p25": -0.768602751,
    "p75": 0.397501149
  },
  "V7": {
    "mean": 7.673875714191767e-05,
    "std": 1.2384307367341982,
    "p25": -0.553481441,
    "p75": 0.570529822
  },
  "V8": {
    "mean": -0.0004339283962825605,
    "std": 1.1914819598857818,
    "p25": -0.207839142,
    "p75": 0.327824219
  },
  "V9": {
    "mean": 0.0007017569636990063,
    "std": 1.0973513033829798,
    "p25": -0.640306518,
    "p75": 0.598253636
  },
  "V10": {
    "mean": -0.0003894407742500393,
    "std": 1.0862519922360248,
    "p25": -0.535654778,
    "p75": 0.454469046
  },
  "V11": {
    "mean": -0.0007872473724022906,
    "std": 1.0191997541576088,
    "p25": -0.76184396,
    "p75": 0.73745721
  },
  "V12": {
    "mean": 0.002718127890658123,
    "std": 0.9965089903795378,
    "p25": -0.401592958,
    "p75": 0.620147667
  },
  "V13": {
    "mean": -0.0004931216820470061,
    "std": 0.9941028954432247,
    "p25": -0.648607,
    "p75": 0.661868064
  },
  "V14": {
    "mean": -5.861749758388452e-05,
    "std": 0.9559931389922913,
    "p25": -0.425825472,
    "p75": 0.492066447
  },
  "V15": {
    "mean": 0.0007440645241150784,
    "std": 0.9151428262930408,
    "p25": -0.582648375,
    "p75": 0.649548548
  },
  "V16": {
    "mean": -0.0010699033998156648,
    "std": 0.8742433578285239,
    "p25": -0.469106737,
    "p75": 0.52152058
  },
  "V17": {
    "mean": 0.0003902482785797371,
    "std": 0.8442349436326654,
    "p25": -0.483409173,
    "p75": 0.400098685
  },
  "V18": {
    "mean": 5.623691191380117e-05,
    "std": 0.8388737356528287,
    "p25": -0.499149961,
    "p75": 0.500424708
  },
  "V19": {
    "mean": 0.0006635111873203275,
    "std": 0.8139305782688643,
    "p25": -0.45503619,
    "p75": 0.459781787
  },
  "V20": {
    "mean": -0.0009989386372665626,
    "std": 0.7708058974639962,
    "p25": -0.211651414,
    "p75": 0.132701765
  },
  "V21": {
    "mean": 0.0003697418722289272,
    "std": 0.7349625797600704,
    "p25": -0.228249801,
    "p75": 0.186364825
  },
  "V22": {
    "mean": 0.00030270670748974065,
    "std": 0.7257354976588722,
    "p25": -0.542055951,
    "p75": 0.52828208
  },
  "V23": {
    "mean": 5.038934019179688e-05,
    "std": 0.6274185480139314,
    "p25": -0.161931891,
    "p75": 0.147588971
  },
  "V24": {
    "mean": -0.0002772771558515656,
    "std": 0.6053216714104852,
    "p25": -0.354842568,
    "p75": 0.438965747
  },
  "V25": {
    "mean": -0.0006553962310693671,
    "std": 0.5212357386205567,
    "p25": -0.316907315,
    "p75": 0.349879764
  },
  "V26": {
    "mean": 0.0001260953567995786,
    "std": 0.4819390828431334,
    "p25": -0.326491416,
    "p75": 0.240835198
  },
  "V27": {
    "mean": -7.047339463231604e-05,
    "std": 0.4049339049787049,
    "p25": -0.070739862,
    "p75": 0.091179646
  },
  "V28": {
    "mean": 0.0001537209950492658,
    "std": 0.32693917703048075,
    "p25": -0.05293085,
    "p75": 0.07811778
  },
  "Amount": {
    "mean": 88.17629770238538,
    "std": 250.72260154365765,
    "p25": 5.64,
    "p75": 77.49
  }
}